memory_score,reaction_time,error_rate,consistency
1.0,0.18933333333333333,0.0,0.6
0.875,11.118375,0.125,0.5
1.0,5.889,0.0,0.5
1.0,0.18333333333333332,0.0,0.6
